<Configuration>
	<Add OfficeClientEdition="64" Channel="PerpetualVL2021">
		<Product ID="ProPlus2021Volume">
--REPLACELANGUAGE--
			<ExcludeApp ID="Groove" />
			<ExcludeApp ID="Lync" />
			<ExcludeApp ID="Teams" />
		</Product>
	</Add>
	<Property Name="AUTOACTIVATE" Value="1" />
	<Property Name="FORCEAPPSHUTDOWN" Value="TRUE" />
	<Property Name="SCLCacheOverrideDirectory" Value="--REPLACESourcePath--" />
	<Updates Enabled="TRUE" />
	<Remove All="True" />
	<Display Level="None" AcceptEULA="TRUE" />
</Configuration>