{
	"Config": {
		"Author":  "Yi",
		"Url":     "https://fengyi.tel",
		"Version": "1.1.8.0"
	},
	"Deploy": {
		"Prerequisite": {
			"IsAutoSelect": [
				"Prerequisite_Extract_Language_Add"
			],
			"ExtractLanguage": {
				"Adv": {
					"IsEjectISO": true
				},
				"Add": {
					"Guid": "8eee5b05-9c27-4ac3-a70c-4f0ae84c35be",
					"CleanDuplicate": false,
					"NoExtractEnglish": true,
					"SaveTo": {
						"Schome": "Custom",
						"Custom": {
							"Path": "{Image_source}_Custom"
						},
						"Multi": {
							"Path": "{MainMasterFolder}\\{ImageType}\\_Custom",
							"Name": "2_11_zh-CN_zh-TW_Ja-JP_Ko-KR"
						}
					},
					"Scope": [
						"Install;wim;Install;wim;",
						"Install;wim;WinRE;wim;",
						"Install;esd;Install;esd;",
						"Install;esd;WinRE;wim;",
						"Boot;wim;Boot;wim;"
					],
					"Region": [
						"zh-CN",
						"zh-TW",
						"ja-JP",
						"ko-KR"
					],
					"RegionAssoc": [
						"zh-HK"
					]
				},
				"Del": {
					"Guid": "8eee5b05-9c27-4ac3-a70c-4f0ae84c35be",
					"CleanDuplicate": false,
					"NoExtractEnglish": true,
					"SaveTo": {
						"Schome": "Custom",
						"Custom": {
							"Path": "{Image_source}_Custom"
						},
						"Multi": {
							"Name": "2_11_zh-CN_zh-TW_Ja-JP_Ko-KR"
						}
					},
					"Scope": [
						"Install;wim;Install;wim;",
						"Install;wim;WinRE;wim;",
						"Install;esd;Install;esd;",
						"Install;esd;WinRE;wim;",
						"Boot;wim;Boot;wim;"
					],
					"Region": [
						"en-US"
					]
				}
			}
		},
		"ImageSource": {
			"Tasks": {
				"IsAutoSelect": [
					"Image_Convert_UI"
				],
				"Solutions": {
					"SaveTo": {
						"FolderName": "",
						"Path":       "ISO"
					},
					"Account": {
						"Schome": "Designated",
						"Custom": {},
						"Designated": {
							"UserName":       "Administrator",
							"SyncMainFolder": false,
							"AutoLogin":      true
						}
					},
					"Schome": {
						"Engine": {
							"Enable":  true,
							"Version": "Multilingual",
							"OptAdv": {
								"AutoFix": true
							},
							"FirstExperience": {
								"Prerequisite": {
									"FirstExpSyncMark":      true,
									"FirstExpDefender":      false,
									"NetworkLocationWizard": true,
									"FirstExpSyncLabel":     false,
									"IsMulti": {
										"PreAppxCleanup":     false,
										"LanguageComponents": false,
										"PreventCleaningUnusedLP": false
									},
									"DesktopMenu": {
										"Enable": false,
										"Right":  false
									},
									"Time": {
										"Enable": false,
										"UTF8":   false,
										"Region": "en-US"
									},
									"Restart": true
								},
								"Finish": {
									"FirstExpFinishPopup":    false,
									"FirstExpFinishOnDemand": false,
									"ResetExecutionPolicy":   true,
									"ClearFull":              true,
									"OnlyClearEngine":        true,
									"Restart":                false
								}
							}
						},
						"Unattend": {
							"Enable":  true,
							"Version": "11",
							"Command": {
								"WindowsSetup": [
									"a94cc882-a451-494d-8d94-523e06470f68",
									"f6ba749e-3a36-4a2e-bc28-674073cb973b"
								],
								"WindowsPE": []
							},
							"IsMulti":       "Auto",
							"InstallMethod": "Auto",
							"Schome": {
								"Version":   "Auto",
								"Semi": {},
								"UEFI": {
									"ImageIndex": "1"
								},
								"Legacy": {
									"ProductKey": "TX9XD-98N7V-6WMQ6-BX7FG-H8Q99"
								}
							},
							"AddTo": {
								"ISOAutounattend": true,
								"ISOSourcesUnattend": true,
								"ISOPantherUnattendOEM": true,
								"ISOPantherUnattendOS": true
							},
							"InstallInterface": {
								"OOBEProductKey": false,
								"OOBEOSImage": false,
								"OOBEEula": true
							},
							"Server": {
								"ServerManager": false,
								"InternetExplorer": {
									"Administrator": false,
									"User": false
								}
							},
							"Time": {
								"Enable": false,
								"Region": "en-US"
							}
						},
						"Collection": {
							"Enable": true,
							"OptAdv": {
								"GenerateReport": true
							},
							"Language": {
								"IsMulti": "Auto",
								"Multi": [
									"en-US",
									"zh-CN",
									"zh-TW",
									"ja-JP",
									"ko-KR"
								],
								"Single": "en-US"
							},
							"Architecture": "Auto",
							"Office": {
								"IsDeploy": false,
								"Version":  "",
								"Language": [
									"Auto"
								],
								"DeployTo": "PublicDektop"
							},
							"Custom": {
								"IsDeploy": false,
								"DeployTo": "SystemDisk",
								"Version":  "Template"
							},
							"Software": {
								"IsDeploy": false,
								"App": [],
								"DeployTo": "SystemDisk"
							},
							"Fonts": {
								"IsDeploy": false,
								"Package": []
							}
						}
					}
				},
				"Convert": {
					"IsBackup":              true,
					"Schome":                "SplitWim",
					"Config": {
						"SplitWim": {
							"Compression":   "Max",
							"Rebuild":       true,
							"Split": {
								"Enabled":   true,
								"Size":      "4096"
							}
						},
						"WimToEsd": {
							"Compression":   "Max",
							"Rebuild":       false
						},
						"EsdToWim": {
							"Compression":   "Fast",
							"Split": {
								"Enabled":   true,
								"Size":      "4096"
							}
						},
						"MergedSWM": {
							"Compression":   "Fast"
						}
					}
				},
				"ISO": {
					"Association": [
						"ISO.Multilingual"
					]
				}
			}
		},
		"Mount": {
			"IsAutoSelect": [
				"Install;wim;Install;wim;",
				"Install;wim;WinRE;wim;",
				"Install;esd;Install;esd;",
				"Install;esd;WinRE;wim;",
				"Boot;wim;Boot;wim;"
			],
			"Tasks": [
				{
					"Group": "Install;Install;",
					"Uid":   "Install;wim;Install;wim;",
					"IsAutoSelect": [
						"Image_source_selection",
						"Language_Add_UI",
						"LXPs_Region_Add",
						"InBox_Apps_Add_UI",
						"Cumulative_updates_Add_UI",
						"Drive_Delete_UI",
						"Feature_More_UI",
						"API_Before_UI",
						"API_Rear_UI"
					],
					"IsAutoSelectIndexAndEditionID": [
						"Auto"
					],
					"Tasks": {
						"Solutions": {
							"SaveTo": {
								"FolderName": "",
								"Path":       "ISO"
							},
							"Account": {
								"Schome": "Designated",
								"Custom": {},
								"Designated": {
									"UserName":       "Administrator",
									"SyncMainFolder": false,
									"AutoLogin":      true
								}
							},
							"Schome": {
								"Engine": {
									"Enable":  true,
									"Version": "Multilingual",
									"OptAdv": {
										"AutoFix": true
									},
									"FirstExperience": {
										"Prerequisite": {
											"FirstExpSyncMark":      true,
											"FirstExpDefender":      false,
											"NetworkLocationWizard": true,
											"FirstExpSyncLabel":     false,
											"IsMulti": {
												"PreAppxCleanup":     false,
												"LanguageComponents": false,
												"PreventCleaningUnusedLP": false
											},
											"DesktopMenu": {
												"Enable": false,
												"Right":  false
											},
											"Time": {
												"Enable": false,
												"UTF8":   false,
												"Region": "en-US"
											},
											"Restart": true
										},
										"Finish": {
											"FirstExpFinishPopup":    false,
											"FirstExpFinishOnDemand": false,
											"ResetExecutionPolicy":   true,
											"ClearFull":              true,
											"OnlyClearEngine":        true,
											"Restart":                false
										}
									}
								},
								"Unattend": {
									"Enable":  true,
									"Version": "11",
									"Command": {
										"WindowsSetup": [
											"a94cc882-a451-494d-8d94-523e06470f68",
											"f6ba749e-3a36-4a2e-bc28-674073cb973b"
										],
										"WindowsPE": []
									},
									"IsMulti":       "Auto",
									"InstallMethod": "Auto",
									"Schome": {
										"Version":   "Auto",
										"Semi": {},
										"UEFI": {
											"ImageIndex": "1"
										},
										"Legacy": {
											"ProductKey": "TX9XD-98N7V-6WMQ6-BX7FG-H8Q99"
										}
									},
									"AddTo": {
										"ISOAutounattend": true,
										"ISOSourcesUnattend": true,
										"ISOPantherUnattendOEM": true,
										"ISOPantherUnattendOS": true
									},
									"InstallInterface": {
										"OOBEProductKey": false,
										"OOBEOSImage": false,
										"OOBEEula": true
									},
									"Server": {
										"ServerManager": false,
										"InternetExplorer": {
											"Administrator": false,
											"User": false
										}
									},
									"Time": {
										"Enable": false,
										"Region": "en-US"
									}
								},
								"Collection": {
									"Enable": true,
									"OptAdv": {
										"GenerateReport": true
									},
									"Language": {
										"IsMulti": "Auto",
										"Multi": [
											"en-US",
											"zh-CN",
											"zh-TW",
											"ja-JP",
											"ko-KR"
										],
										"Single": "en-US"
									},
									"Architecture": "Auto",
									"Office": {
										"IsDeploy": true,
										"Version":  "365",
										"Language": [
											"Auto"
										],
										"DeployTo": "PublicDektop"
									},
									"Custom": {
										"IsDeploy": false,
										"DeployTo": "SystemDisk",
										"Version":  "Template"
									},
									"Software": {
										"IsDeploy": false,
										"App": [],
										"DeployTo": "SystemDisk"
									},
									"Fonts": {
										"IsDeploy": false,
										"Package": []
									}
								}
							}
						},
						"Language": {
							"Add": {
								"Source": "{Image_source}_Custom\\{Master}\\{Image}\\Language\\Add",
								"Adv": {
									"PreRuleOrder": true,
									"WildcardList": true,
									"NoCheckFileType": false,
									"AutoSuggestions": true,
									"SetupFixMissing": false,
									"LangSyncToSources": false,
									"LangIniRebuild": false
								}
							},
							"Del": {
								"Source": "{Image_source}_Custom\\{Master}\\{Image}\\Language\\Del",
								"Adv": {
									"DescendingRuleLang": true,
									"NoCheckFileType": false,
									"AutoSuggestions": true,
									"BootSyncToISO": false,
									"LangIniRebuild": false
								}
							},
							"Change": "en-US",
							"Cleanup": [
								"en-US"
							]
						},
						"InBoxApps": {
							"Mark": {
								"Schome": "Skip",
								"Skip": {
									"RemoveAll": {
										"IsDel": true,
										"IsExclude": true
									}
								},
								"Custom": {
									"SkipenUS": true,
									"RemoveAll": {
										"IsDel": true,
										"IsExclude": true
									},
									"Version": "26200",
									"Region": [
										"zh-CN",
										"zh-TW",
										"ja-JP",
										"ko-KR"
									]
								}
							},
							"Add": {
								"Schome": "Custom",
								"Custom": {
									"ErrorNoSave": true,
									"AutoEditions": true,
									"AutoSearch": false,
									"DependencyPackage": true,
									"OptimizeHardLink": true,
									"Source": "auto",
									"Guid": "8eee5b05-9c27-4ac3-a70c-4f0ae84c35be",
									"Apps": "auto"
								},
								"Assign": {}
							},
							"Update": {
								"Sources": "Auto",
								"Region": [
									"zh-CN",
									"zh-TW",
									"ja-JP",
									"ko-KR"
								]
							},
							"Remove": {
								"Region": [
									"zh-CN",
									"zh-TW",
									"ja-JP",
									"ko-KR"
								]
							},
							"MatchRemove": {
								"Guid": "8eee5b05-9c27-4ac3-a70c-4f0ae84c35be",
								"Apps": ""
							}
						},
						"CumulativeUpdate": {
							"Add": {
								"Schome": "Auto",
								"Custom": [
									"{MainMasterFolder}\\{ImageType}\\_Custom\\{Master}\\{Image}\\Update\\{ArchC}\\Add",
									"{Mount_To_Route}\\{Master}\\{Image}\\Update\\Add",
									"{Image_source}_Custom\\{Master}\\{Image}\\Update\\Add"
								],
								"IsEvent": {
									"CuringUpdate": {
										"isAllow": true,
										"ResetBase": true,
										"Defer": false
									},
									"Superseded": {
										"IsSuperseded": true,
										"ExcludeRules": true
									}
								}
							},
							"Del": {
								"Schome": "Auto",
								"Custom": [
									"{MainMasterFolder}\\{ImageType}\\_Custom\\{Master}\\{Image}\\Update\\{ArchC}\\Add",
									"{Mount_To_Route}\\{Master}\\{Image}\\Update\\Add",
									"{Image_source}_Custom\\{Master}\\{Image}\\Update\\Add"
								],
								"IsEvent": {
									"CuringUpdate": {
										"isAllow": true,
										"ResetBase": true,
										"Defer": false
									},
									"Superseded": {
										"IsSuperseded": true,
										"ExcludeRules": true
									}
								}
							}
						},
						"Drive": {
							"Add": {
								"Schome": "Auto",
								"Custom": [
									"{MainMasterFolder}\\{ImageType}\\_Custom\\{Master}\\{Image}\\Drive\\{ArchC}\\Add",
									"{Mount_To_Route}\\{Master}\\{Image}\\Drive\\Add",
									"{Image_source}_Custom\\{Master}\\{Image}\\Drive\\Add"
								]
							},
							"Del": {
								"Schome": "Auto",
								"Custom": [
									"{MainMasterFolder}\\{ImageType}\\_Custom\\{Master}\\{Image}\\Drive\\{ArchC}\\Add",
									"{Mount_To_Route}\\{Master}\\{Image}\\Drive\\Add",
									"{Image_source}_Custom\\{Master}\\{Image}\\Drive\\Add"
								]
							}
						},
						"WindowsFeatures": {
							"Enable": [
								"NetFx3",
								"TelnetClient"
							],
							"Disable": [
								"TelnetClient"
							]
						},
						"PSFunctions": {
							"Before": [],
							"After": []
						},
						"API": {
							"Before": [],
							"After": []
						},
						"More": {
							"CuringUpdate": {
								"isAllow": false,
								"ResetBase": true,
								"Defer": false
							},
							"Superseded": {
								"IsSuperseded": true,
								"ExcludeRules": true
							},
							"Healthy": {
								"isAllow": true,
								"ErrorNoSave": true
							},
							"Report": {
								"InboxApps": true,
								"Components": true,
								"Drive": true,
								"ImageLangue": true
							},
							"SaveTo": "{Image_source}_Custom\\{Master}\\{Image}\\Report"
						},
						"Expand": {
							"Rebuild": true
						},
						"Eject": {
							"Schome": "Save",
							"ForectEject": true
						}
					}
				},
				{
					"Group": "Install;WinRE;",
					"Uid":   "Install;wim;WinRE;wim;",
					"IsAutoSelect": [
						"Image_source_selection",
						"Language_Add_UI",
						"Cumulative_updates_Add_UI",
						"Drive_Delete_UI",
						"Feature_More_UI",
						"API_Before_UI",
						"API_Rear_UI"
					],
					"IsAutoSelectIndexAndEditionID": [
						"Auto"
					],
					"Tasks": {
						"Language": {
							"Add": {
								"Saveto": true,
								"Source": "{Image_source}_Custom\\{Master}\\{Image}\\Language\\Add",
								"Adv": {
									"PreRuleOrder": true,
									"WildcardList": true,
									"NoCheckFileType": false,
									"AutoSuggestions": true,
									"SetupFixMissing": false,
									"LangSyncToSources": false,
									"LangIniRebuild": false
								}
							},
							"Del": {
								"Saveto": false,
								"Source": "{Image_source}_Custom\\{Master}\\{Image}\\Language\\Del",
								"Adv": {
									"DescendingRuleLang": true,
									"NoCheckFileType": false,
									"AutoSuggestions": true,
									"BootSyncToISO": false,
									"LangIniRebuild": false
								}
							},
							"Change": "en-US",
							"Cleanup": [
								"en-US"
							]
						},
						"CumulativeUpdate": {
							"Add": {
								"Schome": "Auto",
								"Custom": [
									"{MainMasterFolder}\\{ImageType}\\_Custom\\{Master}\\{Image}\\Update\\{ArchC}\\Add",
									"{Mount_To_Route}\\{Master}\\{Image}\\Update\\Add",
									"{Image_source}_Custom\\{Master}\\{Image}\\Update\\Add"
								],
								"IsEvent": {
									"CuringUpdate": {
										"isAllow": true,
										"ResetBase": true,
										"Defer": true
									},
									"Superseded": {
										"IsSuperseded": true,
										"ExcludeRules": true
									}
								}
							},
							"Del": {
								"Schome": "Auto",
								"Custom": [
									"{MainMasterFolder}\\{ImageType}\\_Custom\\{Master}\\{Image}\\Update\\{ArchC}\\Add",
									"{Mount_To_Route}\\{Master}\\{Image}\\Update\\Add",
									"{Image_source}_Custom\\{Master}\\{Image}\\Update\\Add"
								],
								"IsEvent": {
									"CuringUpdate": {
										"isAllow": true,
										"ResetBase": true,
										"Defer": true
									},
									"Superseded": {
										"IsSuperseded": true,
										"ExcludeRules": true
									}
								}
							}
						},
						"Drive": {
							"Add": {
								"Schome": "Auto",
								"Custom": [
									"{MainMasterFolder}\\{ImageType}\\_Custom\\{Master}\\{Image}\\Drive\\{ArchC}\\Add",
									"{Mount_To_Route}\\{Master}\\{Image}\\Drive\\Add",
									"{Image_source}_Custom\\{Master}\\{Image}\\Drive\\Add"
								]
							},
							"Del": {
								"Schome": "Auto",
								"Custom": [
									"{MainMasterFolder}\\{ImageType}\\_Custom\\{Master}\\{Image}\\Drive\\{ArchC}\\Add",
									"{Mount_To_Route}\\{Master}\\{Image}\\Drive\\Add",
									"{Image_source}_Custom\\{Master}\\{Image}\\Drive\\Add"
								]
							}
						},
						"More": {
							"CuringUpdate": {
								"isAllow": false,
								"ResetBase": true,
								"Defer": true
							},
							"Superseded": {
								"IsSuperseded": true,
								"ExcludeRules": true
							},
							"Healthy": {
								"isAllow": false,
								"ErrorNoSave": true
							},
							"Report": {
								"InboxApps": false,
								"Components": true,
								"Drive": true,
								"ImageLangue": true
							},
							"SaveTo": "{Image_source}_Custom\\{Master}\\{Image}\\Report"
						},
						"Expand": {
							"Rebuild": true,
							"Rules": {
								"isUpdate": true,
								"UpdateToAll": true
							}
						},
						"Eject": {
							"Schome": "Save",
							"ForectEject": true
						}
					}
				},
				{
					"Group": "Boot;Boot;",
					"Uid":   "Boot;wim;Boot;wim;",
					"IsAutoSelect": [
						"Image_source_selection",
						"Language_Add_UI",
						"Cumulative_updates_Add_UI",
						"Drive_Delete_UI",
						"Functions_Before_UI",
						"Functions_Rear_UI",
						"Feature_More_UI",
						"API_Before_UI",
						"API_Rear_UI"
					],
					"IsAutoSelectIndexAndEditionID": [
						"2"
					],
					"Tasks": {
						"Language": {
							"Add": {
								"Source": "{Image_source}_Custom\\{Master}\\{Image}\\Language\\Add",
								"Adv": {
									"PreRuleOrder": true,
									"WildcardList": true,
									"NoCheckFileType": false,
									"AutoSuggestions": true,
									"SetupFixMissing": false,
									"LangSyncToSources": false,
									"LangIniRebuild": false
								}
							},
							"Del": {
								"Source": "{Image_source}_Custom\\{Master}\\{Image}\\Language\\Del",
								"Adv": {
									"DescendingRuleLang": true,
									"NoCheckFileType": false,
									"AutoSuggestions": true,
									"BootSyncToISO": false,
									"LangIniRebuild": false
								}
							},
							"Change": "en-US",
							"Cleanup": [
								"en-US"
							]
						},
						"CumulativeUpdate": {
							"Add": {
								"Schome": "Auto",
								"Custom": [
									"{MainMasterFolder}\\{ImageType}\\_Custom\\{Master}\\{Image}\\Update\\{ArchC}\\Add",
									"{Mount_To_Route}\\{Master}\\{Image}\\Update\\Add",
									"{Image_source}_Custom\\{Master}\\{Image}\\Update\\Add"
								],
								"IsEvent": {
									"CuringUpdate": {
										"isAllow": true,
										"ResetBase": true,
										"Defer": true
									},
									"Superseded": {
										"IsSuperseded": true,
										"ExcludeRules": true
									}
								}
							},
							"Del": {
								"Schome": "Auto",
								"Custom": [
									"{MainMasterFolder}\\{ImageType}\\_Custom\\{Master}\\{Image}\\Update\\{ArchC}\\Add",
									"{Mount_To_Route}\\{Master}\\{Image}\\Update\\Add",
									"{Image_source}_Custom\\{Master}\\{Image}\\Update\\Add"
								],
								"IsEvent": {
									"CuringUpdate": {
										"isAllow": true,
										"ResetBase": true,
										"Defer": true
									},
									"Superseded": {
										"IsSuperseded": true,
										"ExcludeRules": true
									}
								}
							}
						},
						"Drive": {
							"Add": {
								"Schome": "Auto",
								"Custom": [
									"{MainMasterFolder}\\{ImageType}\\_Custom\\{Master}\\{Image}\\Drive\\{ArchC}\\Add",
									"{Mount_To_Route}\\{Master}\\{Image}\\Drive\\Add",
									"{Image_source}_Custom\\{Master}\\{Image}\\Drive\\Add"
								]
							},
							"Del": {
								"Schome": "Auto",
								"Custom": [
									"{MainMasterFolder}\\{ImageType}\\_Custom\\{Master}\\{Image}\\Drive\\{ArchC}\\Add",
									"{Mount_To_Route}\\{Master}\\{Image}\\Drive\\Add",
									"{Image_source}_Custom\\{Master}\\{Image}\\Drive\\Add"
								]
							}
						},
						"PSFunctions": {
							"Before": [],
							"After": [
								"Other_Tasks_TPM"
							]
						},
						"API": {
							"Before": [],
							"After": []
						},
						"More": {
							"CuringUpdate": {
								"isAllow": false,
								"ResetBase": true,
								"Defer": true
							},
							"Superseded": {
								"IsSuperseded": true,
								"ExcludeRules": true
							},
							"Healthy": {
								"isAllow": false,
								"ErrorNoSave": true
							},
							"Report": {
								"InboxApps": false,
								"Components": true,
								"Drive": true,
								"ImageLangue": true
							},
							"SaveTo": "{Image_source}_Custom\\{Master}\\{Image}\\Report"
						},
						"Expand": {
							"Rebuild": true
						},
						"Eject": {
							"Schome": "Save",
							"ForectEject": true
						}
					}
				}
			]
		},
		"IsEvent": {
			"Scheduled": {
				"Schome": "Instantly",
				"Instantly": {},
				"Custom": {
					"Sky":    "0",
					"Hour":   "0",
					"Minute": "1"
				}
			},
			"AfterCompletion": {
				"IsCleanupTemp": true,
				"Finish": "Pause"
			}
		}
	}
}